3/31/2024 4:53:58 PM,start,v0.9.0
3/31/2024 4:55:49 PM,stats,obj1-0,55.66362,0.1108753,"(0.09, 0.02, -0.07)"
3/31/2024 4:56:29 PM,stats,obj1-1,33.62829,0.09040677,"(0.07, 0.06, 0.00)"
3/31/2024 4:56:53 PM,stats,obj1-2,14.8149,0.328093,"(-0.29, -0.05, 0.14)"
3/31/2024 4:57:15 PM,stats,obj1-3,18.95227,0.08553168,"(-0.08, -0.03, 0.02)"
3/31/2024 4:57:48 PM,stats,obj1-4,26.43782,0.06200293,"(-0.05, -0.03, -0.03)"
3/31/2024 4:58:03 PM,stats,obj1-average,29.9,0.14
3/31/2024 4:58:03 PM,stats,loco1,245.0,11/16
3/31/2024 4:59:37 PM,stats,obj2-0,13.05043,0.3566526,"(-0.21, 0.04, -0.28)"
3/31/2024 5:00:01 PM,stats,obj2-1,21.20036,0.5900854,"(-0.24, 0.05, -0.53)"
3/31/2024 5:00:21 PM,stats,obj2-2,15.20247,0.2034074,"(-0.06, 0.01, -0.19)"
3/31/2024 5:00:56 PM,stats,obj2-3,31.36528,0.0606076,"(-0.01, 0.06, -0.02)"
3/31/2024 5:01:28 PM,stats,obj2-4,28.3367,0.03552027,"(-0.03, 0.02, -0.01)"
3/31/2024 5:01:38 PM,stats,obj2-average,21.8,0.25
3/31/2024 5:01:38 PM,stats,loco2,215.5,14/30
3/31/2024 5:02:45 PM,stats,obj3-0,30.36451,0.03577328,"(0.02, 0.00, -0.03)"
3/31/2024 5:03:13 PM,stats,obj3-1,23.72839,0.07666167,"(0.03, 0.04, -0.06)"
3/31/2024 5:03:55 PM,stats,obj3-2,37.55677,0.08580257,"(0.06, 0.05, -0.04)"
3/31/2024 5:03:58 PM,end,
